[{"model": "admin.logentry", "pk": 1, "fields": {"action_time": "2022-02-03T04:35:07.308Z", "user": 1, "content_type": 6, "object_id": "1", "object_repr": "Shirts", "action_flag": 1, "change_message": "[{\"added\": {}}]"}}, {"model": "admin.logentry", "pk": 2, "fields": {"action_time": "2022-02-03T04:37:32.841Z", "user": 1, "content_type": 6, "object_id": "2", "object_repr": "T Shirts", "action_flag": 1, "change_message": "[{\"added\": {}}]"}}, {"model": "admin.logentry", "pk": 3, "fields": {"action_time": "2022-02-03T04:37:56.931Z", "user": 1, "content_type": 6, "object_id": "2", "object_repr": "T Shirts", "action_flag": 2, "change_message": "[{\"changed\": {\"fields\": [\"Description\"]}}]"}}, {"model": "admin.logentry", "pk": 4, "fields": {"action_time": "2022-02-03T04:38:13.472Z", "user": 1, "content_type": 6, "object_id": "3", "object_repr": "Jackets", "action_flag": 1, "change_message": "[{\"added\": {}}]"}}, {"model": "admin.logentry", "pk": 5, "fields": {"action_time": "2022-02-03T04:38:27.367Z", "user": 1, "content_type": 6, "object_id": "4", "object_repr": "Shoes", "action_flag": 1, "change_message": "[{\"added\": {}}]"}}, {"model": "admin.logentry", "pk": 6, "fields": {"action_time": "2022-02-03T04:39:01.116Z", "user": 1, "content_type": 6, "object_id": "5", "object_repr": "Jeans", "action_flag": 1, "change_message": "[{\"added\": {}}]"}}, {"model": "admin.logentry", "pk": 7, "fields": {"action_time": "2022-02-03T05:58:59.576Z", "user": 1, "content_type": 8, "object_id": "1", "object_repr": "ATX Jeans", "action_flag": 1, "change_message": "[{\"added\": {}}]"}}, {"model": "admin.logentry", "pk": 8, "fields": {"action_time": "2022-02-03T05:59:59.216Z", "user": 1, "content_type": 8, "object_id": "2", "object_repr": "Wrangler Shirt", "action_flag": 1, "change_message": "[{\"added\": {}}]"}}, {"model": "admin.logentry", "pk": 9, "fields": {"action_time": "2022-02-03T06:00:24.468Z", "user": 1, "content_type": 8, "object_id": "3", "object_repr": "US Polo Assn Jacket", "action_flag": 1, "change_message": "[{\"added\": {}}]"}}, {"model": "admin.logentry", "pk": 10, "fields": {"action_time": "2022-02-03T06:00:55.177Z", "user": 1, "content_type": 8, "object_id": "4", "object_repr": "Jordan Basketball Shoes", "action_flag": 1, "change_message": "[{\"added\": {}}]"}}, {"model": "admin.logentry", "pk": 11, "fields": {"action_time": "2022-02-03T06:01:26.367Z", "user": 1, "content_type": 8, "object_id": "5", "object_repr": "Mavi Jeans", "action_flag": 1, "change_message": "[{\"added\": {}}]"}}, {"model": "admin.logentry", "pk": 12, "fields": {"action_time": "2022-02-03T06:02:03.236Z", "user": 1, "content_type": 8, "object_id": "6", "object_repr": "Puma Ferrari Shoes", "action_flag": 1, "change_message": "[{\"added\": {}}]"}}, {"model": "admin.logentry", "pk": 13, "fields": {"action_time": "2022-02-03T06:02:55.783Z", "user": 1, "content_type": 8, "object_id": "7", "object_repr": "Great Tshirt", "action_flag": 1, "change_message": "[{\"added\": {}}]"}}, {"model": "admin.logentry", "pk": 14, "fields": {"action_time": "2022-02-03T06:03:34.129Z", "user": 1, "content_type": 8, "object_id": "8", "object_repr": "RXN Blue Shirt", "action_flag": 1, "change_message": "[{\"added\": {}}]"}}, {"model": "admin.logentry", "pk": 15, "fields": {"action_time": "2022-02-04T02:09:16.630Z", "user": 1, "content_type": 8, "object_id": "1", "object_repr": "ATX Jeans", "action_flag": 2, "change_message": "[{\"added\": {\"name\": \"productgallery\", \"object\": \"ATX Jeans\"}}, {\"added\": {\"name\": \"productgallery\", \"object\": \"ATX Jeans\"}}, {\"added\": {\"name\": \"productgallery\", \"object\": \"ATX Jeans\"}}]"}}, {"model": "admin.logentry", "pk": 16, "fields": {"action_time": "2022-02-04T02:10:50.288Z", "user": 1, "content_type": 11, "object_id": "1", "object_repr": "red", "action_flag": 1, "change_message": "[{\"added\": {}}]"}}, {"model": "admin.logentry", "pk": 17, "fields": {"action_time": "2022-02-04T02:10:56.247Z", "user": 1, "content_type": 11, "object_id": "2", "object_repr": "Blue", "action_flag": 1, "change_message": "[{\"added\": {}}]"}}, {"model": "admin.logentry", "pk": 18, "fields": {"action_time": "2022-02-04T02:11:04.147Z", "user": 1, "content_type": 11, "object_id": "3", "object_repr": "Green", "action_flag": 1, "change_message": "[{\"added\": {}}]"}}, {"model": "admin.logentry", "pk": 19, "fields": {"action_time": "2022-02-04T02:11:10.212Z", "user": 1, "content_type": 11, "object_id": "4", "object_repr": "Red", "action_flag": 1, "change_message": "[{\"added\": {}}]"}}, {"model": "admin.logentry", "pk": 20, "fields": {"action_time": "2022-02-04T02:11:21.166Z", "user": 1, "content_type": 11, "object_id": "5", "object_repr": "Small", "action_flag": 1, "change_message": "[{\"added\": {}}]"}}, {"model": "admin.logentry", "pk": 21, "fields": {"action_time": "2022-02-04T02:11:31.026Z", "user": 1, "content_type": 11, "object_id": "6", "object_repr": "Medium", "action_flag": 1, "change_message": "[{\"added\": {}}]"}}, {"model": "admin.logentry", "pk": 22, "fields": {"action_time": "2022-02-04T02:11:36.758Z", "user": 1, "content_type": 11, "object_id": "7", "object_repr": "Large", "action_flag": 1, "change_message": "[{\"added\": {}}]"}}, {"model": "admin.logentry", "pk": 23, "fields": {"action_time": "2022-02-04T02:11:51.418Z", "user": 1, "content_type": 11, "object_id": "1", "object_repr": "red", "action_flag": 3, "change_message": ""}}, {"model": "admin.logentry", "pk": 24, "fields": {"action_time": "2022-02-11T00:56:48.513Z", "user": 3, "content_type": 6, "object_id": "6", "object_repr": "Dresses", "action_flag": 1, "change_message": "[{\"added\": {}}]"}}, {"model": "admin.logentry", "pk": 25, "fields": {"action_time": "2022-02-11T03:02:22.313Z", "user": 3, "content_type": 6, "object_id": "7", "object_repr": "Sweaters", "action_flag": 1, "change_message": "[{\"added\": {}}]"}}, {"model": "admin.logentry", "pk": 26, "fields": {"action_time": "2022-02-11T03:02:38.301Z", "user": 3, "content_type": 6, "object_id": "8", "object_repr": "Handbags", "action_flag": 1, "change_message": "[{\"added\": {}}]"}}, {"model": "admin.logentry", "pk": 27, "fields": {"action_time": "2022-02-11T03:04:02.016Z", "user": 3, "content_type": 6, "object_id": "9", "object_repr": "Skirts", "action_flag": 1, "change_message": "[{\"added\": {}}]"}}, {"model": "admin.logentry", "pk": 28, "fields": {"action_time": "2022-02-11T03:04:41.172Z", "user": 3, "content_type": 6, "object_id": "10", "object_repr": "Pants", "action_flag": 1, "change_message": "[{\"added\": {}}]"}}, {"model": "admin.logentry", "pk": 29, "fields": {"action_time": "2022-02-11T03:07:23.653Z", "user": 3, "content_type": 6, "object_id": "11", "object_repr": "Accesories", "action_flag": 1, "change_message": "[{\"added\": {}}]"}}, {"model": "admin.logentry", "pk": 30, "fields": {"action_time": "2022-02-11T03:31:27.258Z", "user": 3, "content_type": 8, "object_id": "9", "object_repr": "Levi's 502 Jeans", "action_flag": 1, "change_message": "[{\"added\": {}}, {\"added\": {\"name\": \"productgallery\", \"object\": \"Levi's 502 Jeans\"}}]"}}, {"model": "admin.logentry", "pk": 31, "fields": {"action_time": "2022-02-11T03:32:30.113Z", "user": 3, "content_type": 8, "object_id": "9", "object_repr": "Levi's 502 Jeans", "action_flag": 2, "change_message": "[{\"added\": {\"name\": \"productgallery\", \"object\": \"Levi's 502 Jeans\"}}]"}}, {"model": "admin.logentry", "pk": 32, "fields": {"action_time": "2022-02-11T03:32:53.804Z", "user": 3, "content_type": 11, "object_id": "8", "object_repr": "Black", "action_flag": 1, "change_message": "[{\"added\": {}}]"}}, {"model": "admin.logentry", "pk": 33, "fields": {"action_time": "2022-02-11T03:33:29.710Z", "user": 3, "content_type": 11, "object_id": "9", "object_repr": "YOSEMITE FALLS", "action_flag": 1, "change_message": "[{\"added\": {}}]"}}, {"model": "admin.logentry", "pk": 34, "fields": {"action_time": "2022-02-11T03:33:43.449Z", "user": 3, "content_type": 11, "object_id": "8", "object_repr": "BLACK", "action_flag": 2, "change_message": "[{\"changed\": {\"fields\": [\"Variation value\"]}}]"}}, {"model": "admin.logentry", "pk": 35, "fields": {"action_time": "2022-02-11T03:34:16.128Z", "user": 3, "content_type": 11, "object_id": "10", "object_repr": "SMALL", "action_flag": 1, "change_message": "[{\"added\": {}}]"}}, {"model": "admin.logentry", "pk": 36, "fields": {"action_time": "2022-02-11T03:34:27.874Z", "user": 3, "content_type": 11, "object_id": "11", "object_repr": "MEDIUM", "action_flag": 1, "change_message": "[{\"added\": {}}]"}}, {"model": "admin.logentry", "pk": 37, "fields": {"action_time": "2022-02-11T03:34:34.661Z", "user": 3, "content_type": 11, "object_id": "12", "object_repr": "LARGE", "action_flag": 1, "change_message": "[{\"added\": {}}]"}}, {"model": "admin.logentry", "pk": 38, "fields": {"action_time": "2022-02-11T03:45:03.932Z", "user": 3, "content_type": 15, "object_id": "2", "object_repr": "ATX Jeans", "action_flag": 3, "change_message": ""}}, {"model": "admin.logentry", "pk": 39, "fields": {"action_time": "2022-02-11T03:51:11.173Z", "user": 3, "content_type": 8, "object_id": "1", "object_repr": "Regular Fit Jeans", "action_flag": 2, "change_message": "[{\"changed\": {\"fields\": [\"Product name\", \"Slug\", \"Description\", \"Price\"]}}]"}}, {"model": "admin.logentry", "pk": 40, "fields": {"action_time": "2022-02-11T03:51:38.447Z", "user": 3, "content_type": 11, "object_id": "4", "object_repr": "Red", "action_flag": 3, "change_message": ""}}, {"model": "admin.logentry", "pk": 41, "fields": {"action_time": "2022-02-11T03:52:00.887Z", "user": 3, "content_type": 11, "object_id": "2", "object_repr": "Dark Wash", "action_flag": 2, "change_message": "[{\"changed\": {\"fields\": [\"Variation value\"]}}]"}}, {"model": "admin.logentry", "pk": 42, "fields": {"action_time": "2022-02-11T03:52:11.026Z", "user": 3, "content_type": 11, "object_id": "3", "object_repr": "Light Wash", "action_flag": 2, "change_message": "[{\"changed\": {\"fields\": [\"Variation value\"]}}]"}}, {"model": "admin.logentry", "pk": 43, "fields": {"action_time": "2022-02-11T03:52:27.657Z", "user": 3, "content_type": 11, "object_id": "5", "object_repr": "28W", "action_flag": 2, "change_message": "[{\"changed\": {\"fields\": [\"Variation value\"]}}]"}}, {"model": "admin.logentry", "pk": 44, "fields": {"action_time": "2022-02-11T03:52:33.227Z", "user": 3, "content_type": 11, "object_id": "6", "object_repr": "29W", "action_flag": 2, "change_message": "[{\"changed\": {\"fields\": [\"Variation value\"]}}]"}}, {"model": "admin.logentry", "pk": 45, "fields": {"action_time": "2022-02-11T03:52:39.013Z", "user": 3, "content_type": 11, "object_id": "7", "object_repr": "30W", "action_flag": 2, "change_message": "[{\"changed\": {\"fields\": [\"Variation value\"]}}]"}}, {"model": "admin.logentry", "pk": 46, "fields": {"action_time": "2022-02-11T03:52:56.171Z", "user": 3, "content_type": 11, "object_id": "9", "object_repr": "Yosemite Falls", "action_flag": 2, "change_message": "[{\"changed\": {\"fields\": [\"Variation value\"]}}]"}}, {"model": "admin.logentry", "pk": 47, "fields": {"action_time": "2022-02-11T03:53:04.055Z", "user": 3, "content_type": 11, "object_id": "8", "object_repr": "Black", "action_flag": 2, "change_message": "[{\"changed\": {\"fields\": [\"Variation value\"]}}]"}}, {"model": "admin.logentry", "pk": 48, "fields": {"action_time": "2022-02-11T03:53:12.275Z", "user": 3, "content_type": 11, "object_id": "12", "object_repr": "26W", "action_flag": 2, "change_message": "[{\"changed\": {\"fields\": [\"Variation value\"]}}]"}}, {"model": "admin.logentry", "pk": 49, "fields": {"action_time": "2022-02-11T03:53:18.386Z", "user": 3, "content_type": 11, "object_id": "11", "object_repr": "28W", "action_flag": 2, "change_message": "[{\"changed\": {\"fields\": [\"Variation value\"]}}]"}}, {"model": "admin.logentry", "pk": 50, "fields": {"action_time": "2022-02-11T03:53:33.644Z", "user": 3, "content_type": 11, "object_id": "10", "object_repr": "30W", "action_flag": 2, "change_message": "[{\"changed\": {\"fields\": [\"Variation value\"]}}]"}}, {"model": "admin.logentry", "pk": 51, "fields": {"action_time": "2022-02-11T03:54:04.315Z", "user": 3, "content_type": 11, "object_id": "13", "object_repr": "33W", "action_flag": 1, "change_message": "[{\"added\": {}}]"}}, {"model": "admin.logentry", "pk": 52, "fields": {"action_time": "2022-02-11T03:56:13.916Z", "user": 3, "content_type": 8, "object_id": "9", "object_repr": "Levi's 502 Jeans Man", "action_flag": 2, "change_message": "[{\"changed\": {\"fields\": [\"Product name\", \"Slug\"]}}]"}}, {"model": "admin.logentry", "pk": 53, "fields": {"action_time": "2022-02-11T03:56:23.857Z", "user": 3, "content_type": 8, "object_id": "9", "object_repr": "Levi's 502 Jeans", "action_flag": 2, "change_message": "[{\"changed\": {\"fields\": [\"Product name\", \"Slug\"]}}]"}}, {"model": "admin.logentry", "pk": 54, "fields": {"action_time": "2022-02-11T03:58:58.646Z", "user": 3, "content_type": 8, "object_id": "10", "object_repr": "The Rigid Slouch Jean", "action_flag": 1, "change_message": "[{\"added\": {}}, {\"added\": {\"name\": \"productgallery\", \"object\": \"The Rigid Slouch Jean\"}}, {\"added\": {\"name\": \"productgallery\", \"object\": \"The Rigid Slouch Jean\"}}]"}}, {"model": "admin.logentry", "pk": 55, "fields": {"action_time": "2022-02-11T04:02:44.331Z", "user": 3, "content_type": 8, "object_id": "7", "object_repr": "Northeastern Champion Cotton T-Shirt", "action_flag": 2, "change_message": "[{\"changed\": {\"fields\": [\"Product name\", \"Slug\", \"Description\", \"Price\", \"Stock\"]}}]"}}, {"model": "admin.logentry", "pk": 56, "fields": {"action_time": "2022-02-11T04:03:24.075Z", "user": 3, "content_type": 11, "object_id": "14", "object_repr": "Small", "action_flag": 1, "change_message": "[{\"added\": {}}]"}}, {"model": "admin.logentry", "pk": 57, "fields": {"action_time": "2022-02-11T04:03:34.106Z", "user": 3, "content_type": 11, "object_id": "15", "object_repr": "Medium", "action_flag": 1, "change_message": "[{\"added\": {}}]"}}, {"model": "admin.logentry", "pk": 58, "fields": {"action_time": "2022-02-11T04:03:37.530Z", "user": 3, "content_type": 11, "object_id": "14", "object_repr": "Small", "action_flag": 2, "change_message": "[]"}}, {"model": "admin.logentry", "pk": 59, "fields": {"action_time": "2022-02-11T04:03:45.352Z", "user": 3, "content_type": 11, "object_id": "16", "object_repr": "Large", "action_flag": 1, "change_message": "[{\"added\": {}}]"}}, {"model": "admin.logentry", "pk": 60, "fields": {"action_time": "2022-02-11T04:04:01.891Z", "user": 3, "content_type": 11, "object_id": "17", "object_repr": "XL", "action_flag": 1, "change_message": "[{\"added\": {}}]"}}, {"model": "admin.logentry", "pk": 61, "fields": {"action_time": "2022-02-11T04:04:14.435Z", "user": 3, "content_type": 11, "object_id": "14", "object_repr": "S", "action_flag": 2, "change_message": "[{\"changed\": {\"fields\": [\"Variation value\"]}}]"}}, {"model": "admin.logentry", "pk": 62, "fields": {"action_time": "2022-02-11T04:04:18.380Z", "user": 3, "content_type": 11, "object_id": "15", "object_repr": "M", "action_flag": 2, "change_message": "[{\"changed\": {\"fields\": [\"Variation value\"]}}]"}}, {"model": "admin.logentry", "pk": 63, "fields": {"action_time": "2022-02-11T04:04:21.733Z", "user": 3, "content_type": 11, "object_id": "16", "object_repr": "L", "action_flag": 2, "change_message": "[{\"changed\": {\"fields\": [\"Variation value\"]}}]"}}, {"model": "admin.logentry", "pk": 64, "fields": {"action_time": "2022-02-11T04:04:24.940Z", "user": 3, "content_type": 11, "object_id": "16", "object_repr": "L", "action_flag": 2, "change_message": "[]"}}, {"model": "admin.logentry", "pk": 65, "fields": {"action_time": "2022-02-11T04:05:39.188Z", "user": 3, "content_type": 8, "object_id": "7", "object_repr": "Northeastern Champion Cotton T-Shirt", "action_flag": 2, "change_message": "[{\"changed\": {\"fields\": [\"Image\"]}}]"}}, {"model": "admin.logentry", "pk": 66, "fields": {"action_time": "2022-02-11T04:36:08.704Z", "user": 3, "content_type": 8, "object_id": "11", "object_repr": "Northeastern Champion Eco Powerblend Hood", "action_flag": 1, "change_message": "[{\"added\": {}}]"}}, {"model": "admin.logentry", "pk": 67, "fields": {"action_time": "2022-02-11T04:47:09.120Z", "user": 3, "content_type": 8, "object_id": "2", "object_repr": "Maverick Merino Wool Shirt", "action_flag": 2, "change_message": "[{\"changed\": {\"fields\": [\"Product name\", \"Slug\", \"Description\", \"Price\", \"Stock\"]}}, {\"added\": {\"name\": \"productgallery\", \"object\": \"Maverick Merino Wool Shirt\"}}]"}}, {"model": "admin.logentry", "pk": 68, "fields": {"action_time": "2022-02-11T04:48:26.659Z", "user": 3, "content_type": 8, "object_id": "1", "object_repr": "Regular Fit Jeans", "action_flag": 2, "change_message": "[{\"changed\": {\"fields\": [\"Image\"]}}]"}}, {"model": "admin.logentry", "pk": 69, "fields": {"action_time": "2022-02-11T04:49:40.690Z", "user": 3, "content_type": 8, "object_id": "2", "object_repr": "Maverick Merino Wool Shirt", "action_flag": 2, "change_message": "[{\"changed\": {\"fields\": [\"Image\"]}}, {\"deleted\": {\"name\": \"productgallery\", \"object\": \"Maverick Merino Wool Shirt\"}}]"}}, {"model": "admin.logentry", "pk": 70, "fields": {"action_time": "2022-02-11T04:50:20.403Z", "user": 3, "content_type": 11, "object_id": "18", "object_repr": "M", "action_flag": 1, "change_message": "[{\"added\": {}}]"}}, {"model": "admin.logentry", "pk": 71, "fields": {"action_time": "2022-02-11T04:50:34.011Z", "user": 3, "content_type": 11, "object_id": "19", "object_repr": "L", "action_flag": 1, "change_message": "[{\"added\": {}}]"}}, {"model": "admin.logentry", "pk": 72, "fields": {"action_time": "2022-02-11T04:50:40.479Z", "user": 3, "content_type": 11, "object_id": "20", "object_repr": "XL", "action_flag": 1, "change_message": "[{\"added\": {}}]"}}, {"model": "admin.logentry", "pk": 73, "fields": {"action_time": "2022-02-11T04:50:57.838Z", "user": 3, "content_type": 11, "object_id": "21", "object_repr": "S", "action_flag": 1, "change_message": "[{\"added\": {}}]"}}, {"model": "admin.logentry", "pk": 74, "fields": {"action_time": "2022-02-11T04:51:04.175Z", "user": 3, "content_type": 11, "object_id": "22", "object_repr": "M", "action_flag": 1, "change_message": "[{\"added\": {}}]"}}, {"model": "admin.logentry", "pk": 75, "fields": {"action_time": "2022-02-11T04:51:15.409Z", "user": 3, "content_type": 11, "object_id": "23", "object_repr": "L", "action_flag": 1, "change_message": "[{\"added\": {}}]"}}, {"model": "admin.logentry", "pk": 76, "fields": {"action_time": "2022-02-11T04:51:22.345Z", "user": 3, "content_type": 11, "object_id": "24", "object_repr": "XL", "action_flag": 1, "change_message": "[{\"added\": {}}]"}}, {"model": "admin.logentry", "pk": 77, "fields": {"action_time": "2022-02-11T04:58:04.134Z", "user": 3, "content_type": 8, "object_id": "12", "object_repr": "MakeMeChic Collar Button Down Shirt", "action_flag": 1, "change_message": "[{\"added\": {}}, {\"added\": {\"name\": \"productgallery\", \"object\": \"MakeMeChic Collar Button Down Shirt\"}}, {\"added\": {\"name\": \"productgallery\", \"object\": \"MakeMeChic Collar Button Down Shirt\"}}]"}}, {"model": "admin.logentry", "pk": 78, "fields": {"action_time": "2022-02-11T04:58:28.062Z", "user": 3, "content_type": 11, "object_id": "25", "object_repr": "S", "action_flag": 1, "change_message": "[{\"added\": {}}]"}}, {"model": "admin.logentry", "pk": 79, "fields": {"action_time": "2022-02-11T04:58:34.142Z", "user": 3, "content_type": 11, "object_id": "26", "object_repr": "L", "action_flag": 1, "change_message": "[{\"added\": {}}]"}}, {"model": "admin.logentry", "pk": 80, "fields": {"action_time": "2022-02-11T05:01:35.554Z", "user": 3, "content_type": 8, "object_id": "13", "object_repr": "Woman White Shirt", "action_flag": 1, "change_message": "[{\"added\": {}}]"}}, {"model": "admin.logentry", "pk": 81, "fields": {"action_time": "2022-02-11T05:05:58.310Z", "user": 3, "content_type": 8, "object_id": "14", "object_repr": "Women's Wicked Good Moccasins", "action_flag": 1, "change_message": "[{\"added\": {}}, {\"added\": {\"name\": \"productgallery\", \"object\": \"Women's Wicked Good Moccasins\"}}, {\"added\": {\"name\": \"productgallery\", \"object\": \"Women's Wicked Good Moccasins\"}}, {\"added\": {\"name\": \"productgallery\", \"object\": \"Women's Wicked Good Moccasins\"}}, {\"added\": {\"name\": \"productgallery\", \"object\": \"Women's Wicked Good Moccasins\"}}]"}}, {"model": "admin.logentry", "pk": 82, "fields": {"action_time": "2022-02-11T05:06:22.087Z", "user": 3, "content_type": 11, "object_id": "27", "object_repr": "6", "action_flag": 1, "change_message": "[{\"added\": {}}]"}}, {"model": "admin.logentry", "pk": 83, "fields": {"action_time": "2022-02-11T05:06:31.434Z", "user": 3, "content_type": 11, "object_id": "28", "object_repr": "7", "action_flag": 1, "change_message": "[{\"added\": {}}]"}}, {"model": "admin.logentry", "pk": 84, "fields": {"action_time": "2022-02-11T05:06:36.896Z", "user": 3, "content_type": 11, "object_id": "29", "object_repr": "8", "action_flag": 1, "change_message": "[{\"added\": {}}]"}}, {"model": "admin.logentry", "pk": 85, "fields": {"action_time": "2022-02-11T05:06:42.890Z", "user": 3, "content_type": 11, "object_id": "30", "object_repr": "9", "action_flag": 1, "change_message": "[{\"added\": {}}]"}}, {"model": "admin.logentry", "pk": 86, "fields": {"action_time": "2022-02-11T05:06:57.347Z", "user": 3, "content_type": 11, "object_id": "31", "object_repr": "Brown", "action_flag": 1, "change_message": "[{\"added\": {}}]"}}, {"model": "admin.logentry", "pk": 87, "fields": {"action_time": "2022-02-11T05:07:20.601Z", "user": 3, "content_type": 11, "object_id": "32", "object_repr": "Charcoal Blue", "action_flag": 1, "change_message": "[{\"added\": {}}]"}}, {"model": "admin.logentry", "pk": 88, "fields": {"action_time": "2022-02-11T05:07:34.649Z", "user": 3, "content_type": 11, "object_id": "33", "object_repr": "Bramble Berry", "action_flag": 1, "change_message": "[{\"added\": {}}]"}}, {"model": "admin.logentry", "pk": 89, "fields": {"action_time": "2022-02-11T05:14:42.247Z", "user": 3, "content_type": 8, "object_id": "15", "object_repr": "Women's Stonington Chelseas", "action_flag": 1, "change_message": "[{\"added\": {}}, {\"added\": {\"name\": \"productgallery\", \"object\": \"Women's Stonington Chelseas\"}}, {\"added\": {\"name\": \"productgallery\", \"object\": \"Women's Stonington Chelseas\"}}]"}}, {"model": "admin.logentry", "pk": 90, "fields": {"action_time": "2022-02-11T05:15:06.745Z", "user": 3, "content_type": 11, "object_id": "34", "object_repr": "Dark Cocoa", "action_flag": 1, "change_message": "[{\"added\": {}}]"}}, {"model": "admin.logentry", "pk": 91, "fields": {"action_time": "2022-02-11T05:15:16.798Z", "user": 3, "content_type": 11, "object_id": "35", "object_repr": "Black", "action_flag": 1, "change_message": "[{\"added\": {}}]"}}, {"model": "admin.logentry", "pk": 92, "fields": {"action_time": "2022-02-11T05:15:28.316Z", "user": 3, "content_type": 11, "object_id": "36", "object_repr": "6", "action_flag": 1, "change_message": "[{\"added\": {}}]"}}, {"model": "admin.logentry", "pk": 93, "fields": {"action_time": "2022-02-11T05:15:34.209Z", "user": 3, "content_type": 11, "object_id": "37", "object_repr": "7", "action_flag": 1, "change_message": "[{\"added\": {}}]"}}, {"model": "admin.logentry", "pk": 94, "fields": {"action_time": "2022-02-11T05:15:41.207Z", "user": 3, "content_type": 11, "object_id": "38", "object_repr": "8", "action_flag": 1, "change_message": "[{\"added\": {}}]"}}, {"model": "admin.logentry", "pk": 95, "fields": {"action_time": "2022-02-11T05:22:34.069Z", "user": 3, "content_type": 8, "object_id": "16", "object_repr": "SOJOS Retro Round Sunglasses", "action_flag": 1, "change_message": "[{\"added\": {}}, {\"added\": {\"name\": \"productgallery\", \"object\": \"SOJOS Retro Round Sunglasses\"}}]"}}, {"model": "admin.logentry", "pk": 96, "fields": {"action_time": "2022-02-11T05:25:47.140Z", "user": 3, "content_type": 8, "object_id": "17", "object_repr": "Lisianthus Belt Buckle Fedora Hat", "action_flag": 1, "change_message": "[{\"added\": {}}, {\"added\": {\"name\": \"productgallery\", \"object\": \"Lisianthus Belt Buckle Fedora Hat\"}}, {\"added\": {\"name\": \"productgallery\", \"object\": \"Lisianthus Belt Buckle Fedora Hat\"}}]"}}, {"model": "admin.logentry", "pk": 97, "fields": {"action_time": "2022-02-11T05:26:01.627Z", "user": 3, "content_type": 11, "object_id": "39", "object_repr": "Black", "action_flag": 1, "change_message": "[{\"added\": {}}]"}}, {"model": "admin.logentry", "pk": 98, "fields": {"action_time": "2022-02-11T05:26:28.149Z", "user": 3, "content_type": 11, "object_id": "40", "object_repr": "Dark Camel", "action_flag": 1, "change_message": "[{\"added\": {}}]"}}, {"model": "admin.logentry", "pk": 99, "fields": {"action_time": "2022-02-11T05:26:42.008Z", "user": 3, "content_type": 11, "object_id": "41", "object_repr": "Grey", "action_flag": 1, "change_message": "[{\"added\": {}}]"}}, {"model": "admin.logentry", "pk": 100, "fields": {"action_time": "2022-02-11T05:26:48.526Z", "user": 3, "content_type": 11, "object_id": "42", "object_repr": "S", "action_flag": 1, "change_message": "[{\"added\": {}}]"}}, {"model": "admin.logentry", "pk": 101, "fields": {"action_time": "2022-02-11T05:26:54.017Z", "user": 3, "content_type": 11, "object_id": "43", "object_repr": "M", "action_flag": 1, "change_message": "[{\"added\": {}}]"}}, {"model": "admin.logentry", "pk": 102, "fields": {"action_time": "2022-02-11T05:27:06.368Z", "user": 3, "content_type": 11, "object_id": "44", "object_repr": "Pink", "action_flag": 1, "change_message": "[{\"added\": {}}]"}}, {"model": "admin.logentry", "pk": 103, "fields": {"action_time": "2022-02-11T05:27:12.300Z", "user": 3, "content_type": 11, "object_id": "45", "object_repr": "Black", "action_flag": 1, "change_message": "[{\"added\": {}}]"}}, {"model": "admin.logentry", "pk": 104, "fields": {"action_time": "2022-02-11T05:40:55.772Z", "user": 3, "content_type": 8, "object_id": "18", "object_repr": "Michael Kors Jet Set Crossbody Bag", "action_flag": 1, "change_message": "[{\"added\": {}}]"}}, {"model": "admin.logentry", "pk": 105, "fields": {"action_time": "2022-02-11T05:42:25.743Z", "user": 3, "content_type": 8, "object_id": "19", "object_repr": "Fossil Kinley Small Crossbody Purse Handbag", "action_flag": 1, "change_message": "[{\"added\": {}}, {\"added\": {\"name\": \"productgallery\", \"object\": \"Fossil Kinley Small Crossbody Purse Handbag\"}}, {\"added\": {\"name\": \"productgallery\", \"object\": \"Fossil Kinley Small Crossbody Purse Handbag\"}}, {\"added\": {\"name\": \"productgallery\", \"object\": \"Fossil Kinley Small Crossbody Purse Handbag\"}}]"}}, {"model": "admin.logentry", "pk": 106, "fields": {"action_time": "2022-02-11T05:42:57.543Z", "user": 3, "content_type": 11, "object_id": "46", "object_repr": "Brown", "action_flag": 1, "change_message": "[{\"added\": {}}]"}}, {"model": "admin.logentry", "pk": 107, "fields": {"action_time": "2022-02-11T05:43:17.101Z", "user": 3, "content_type": 11, "object_id": "47", "object_repr": "Balsam", "action_flag": 1, "change_message": "[{\"added\": {}}]"}}, {"model": "admin.logentry", "pk": 108, "fields": {"action_time": "2022-02-11T05:59:17.833Z", "user": 3, "content_type": 8, "object_id": "20", "object_repr": "Stretch Canvas Cargo Pants", "action_flag": 1, "change_message": "[{\"added\": {}}, {\"added\": {\"name\": \"productgallery\", \"object\": \"Stretch Canvas Cargo Pants\"}}]"}}, {"model": "admin.logentry", "pk": 109, "fields": {"action_time": "2022-02-11T05:59:38.023Z", "user": 3, "content_type": 11, "object_id": "48", "object_repr": "Dusty Olive", "action_flag": 1, "change_message": "[{\"added\": {}}]"}}, {"model": "admin.logentry", "pk": 110, "fields": {"action_time": "2022-02-11T06:00:08.262Z", "user": 3, "content_type": 11, "object_id": "49", "object_repr": "Boulder", "action_flag": 1, "change_message": "[{\"added\": {}}]"}}, {"model": "admin.logentry", "pk": 111, "fields": {"action_time": "2022-02-11T06:00:33.080Z", "user": 3, "content_type": 11, "object_id": "50", "object_repr": "18", "action_flag": 1, "change_message": "[{\"added\": {}}]"}}, {"model": "admin.logentry", "pk": 112, "fields": {"action_time": "2022-02-11T06:00:39.319Z", "user": 3, "content_type": 11, "object_id": "51", "object_repr": "20", "action_flag": 1, "change_message": "[{\"added\": {}}]"}}, {"model": "admin.logentry", "pk": 113, "fields": {"action_time": "2022-02-11T06:02:27.726Z", "user": 3, "content_type": 8, "object_id": "21", "object_repr": "Strawberry Midi Dress", "action_flag": 1, "change_message": "[{\"added\": {}}]"}}, {"model": "admin.logentry", "pk": 114, "fields": {"action_time": "2022-02-11T06:02:40.488Z", "user": 3, "content_type": 11, "object_id": "52", "object_repr": "XS", "action_flag": 1, "change_message": "[{\"added\": {}}]"}}, {"model": "admin.logentry", "pk": 115, "fields": {"action_time": "2022-02-11T06:02:50.359Z", "user": 3, "content_type": 11, "object_id": "53", "object_repr": "S", "action_flag": 1, "change_message": "[{\"added\": {}}]"}}, {"model": "admin.logentry", "pk": 116, "fields": {"action_time": "2022-02-11T06:02:58.791Z", "user": 3, "content_type": 11, "object_id": "54", "object_repr": "M", "action_flag": 1, "change_message": "[{\"added\": {}}]"}}, {"model": "admin.logentry", "pk": 117, "fields": {"action_time": "2022-02-11T06:10:27.801Z", "user": 3, "content_type": 8, "object_id": "22", "object_repr": "SCARLETT EMBROIDERED TULLE DRESS", "action_flag": 1, "change_message": "[{\"added\": {}}]"}}, {"model": "admin.logentry", "pk": 118, "fields": {"action_time": "2022-02-11T06:10:41.731Z", "user": 3, "content_type": 11, "object_id": "55", "object_repr": "M", "action_flag": 1, "change_message": "[{\"added\": {}}]"}}, {"model": "admin.logentry", "pk": 119, "fields": {"action_time": "2022-02-11T06:13:34.917Z", "user": 3, "content_type": 8, "object_id": "23", "object_repr": "Pleated Skirt", "action_flag": 1, "change_message": "[{\"added\": {}}]"}}, {"model": "admin.logentry", "pk": 120, "fields": {"action_time": "2022-02-11T06:14:03.330Z", "user": 3, "content_type": 11, "object_id": "56", "object_repr": "M", "action_flag": 1, "change_message": "[{\"added\": {}}]"}}, {"model": "admin.logentry", "pk": 121, "fields": {"action_time": "2022-02-11T06:14:08.611Z", "user": 3, "content_type": 11, "object_id": "57", "object_repr": "L", "action_flag": 1, "change_message": "[{\"added\": {}}]"}}, {"model": "admin.logentry", "pk": 122, "fields": {"action_time": "2022-02-11T06:16:27.657Z", "user": 3, "content_type": 8, "object_id": "24", "object_repr": "Pleated Mini Plaid Skirt", "action_flag": 1, "change_message": "[{\"added\": {}}, {\"added\": {\"name\": \"productgallery\", \"object\": \"Pleated Mini Plaid Skirt\"}}]"}}, {"model": "admin.logentry", "pk": 123, "fields": {"action_time": "2022-02-11T06:16:40.826Z", "user": 3, "content_type": 11, "object_id": "58", "object_repr": "Black", "action_flag": 1, "change_message": "[{\"added\": {}}]"}}, {"model": "admin.logentry", "pk": 124, "fields": {"action_time": "2022-02-11T06:16:54.449Z", "user": 3, "content_type": 11, "object_id": "59", "object_repr": "Dark Blue", "action_flag": 1, "change_message": "[{\"added\": {}}]"}}, {"model": "admin.logentry", "pk": 125, "fields": {"action_time": "2022-02-11T06:17:01.729Z", "user": 3, "content_type": 11, "object_id": "60", "object_repr": "S", "action_flag": 1, "change_message": "[{\"added\": {}}]"}}, {"model": "admin.logentry", "pk": 126, "fields": {"action_time": "2022-02-11T06:17:07.504Z", "user": 3, "content_type": 11, "object_id": "61", "object_repr": "M", "action_flag": 1, "change_message": "[{\"added\": {}}]"}}, {"model": "admin.logentry", "pk": 127, "fields": {"action_time": "2022-02-11T06:31:58.042Z", "user": 3, "content_type": 8, "object_id": "3", "object_repr": "Polo Assn Jacket", "action_flag": 2, "change_message": "[{\"changed\": {\"fields\": [\"Product name\", \"Slug\", \"Description\", \"Price\", \"Stock\"]}}]"}}, {"model": "admin.logentry", "pk": 128, "fields": {"action_time": "2022-02-11T06:32:28.797Z", "user": 3, "content_type": 11, "object_id": "62", "object_repr": "M", "action_flag": 1, "change_message": "[{\"added\": {}}]"}}, {"model": "admin.logentry", "pk": 129, "fields": {"action_time": "2022-02-11T06:32:39.115Z", "user": 3, "content_type": 11, "object_id": "63", "object_repr": "L", "action_flag": 1, "change_message": "[{\"added\": {}}]"}}, {"model": "admin.logentry", "pk": 130, "fields": {"action_time": "2022-02-11T06:33:47.454Z", "user": 3, "content_type": 8, "object_id": "5", "object_repr": "Mavi Jeans", "action_flag": 3, "change_message": ""}}, {"model": "admin.logentry", "pk": 131, "fields": {"action_time": "2022-02-11T06:35:53.437Z", "user": 3, "content_type": 8, "object_id": "10", "object_repr": "The Rigid Slouch Jean", "action_flag": 2, "change_message": "[{\"changed\": {\"fields\": [\"Image\"]}}, {\"deleted\": {\"name\": \"productgallery\", \"object\": \"The Rigid Slouch Jean\"}}]"}}, {"model": "admin.logentry", "pk": 132, "fields": {"action_time": "2022-02-11T06:36:56.685Z", "user": 3, "content_type": 8, "object_id": "4", "object_repr": "Jordan Basketball Shoes", "action_flag": 2, "change_message": "[{\"changed\": {\"fields\": [\"Price\", \"Stock\"]}}]"}}, {"model": "admin.logentry", "pk": 133, "fields": {"action_time": "2022-02-11T06:37:12.814Z", "user": 3, "content_type": 11, "object_id": "64", "object_repr": "7", "action_flag": 1, "change_message": "[{\"added\": {}}]"}}, {"model": "admin.logentry", "pk": 134, "fields": {"action_time": "2022-02-11T06:37:52.526Z", "user": 3, "content_type": 8, "object_id": "6", "object_repr": "Puma Ferrari Shoes", "action_flag": 2, "change_message": "[{\"changed\": {\"fields\": [\"Description\", \"Price\", \"Stock\"]}}]"}}, {"model": "admin.logentry", "pk": 135, "fields": {"action_time": "2022-02-11T06:38:51.359Z", "user": 3, "content_type": 8, "object_id": "4", "object_repr": "Jordan Basketball Shoes", "action_flag": 2, "change_message": "[{\"changed\": {\"fields\": [\"Description\"]}}]"}}, {"model": "admin.logentry", "pk": 136, "fields": {"action_time": "2022-02-11T06:40:56.134Z", "user": 3, "content_type": 8, "object_id": "8", "object_repr": "Slim Fit Blue Shirt", "action_flag": 2, "change_message": "[{\"changed\": {\"fields\": [\"Product name\", \"Slug\", \"Description\", \"Price\", \"Stock\"]}}]"}}, {"model": "admin.logentry", "pk": 137, "fields": {"action_time": "2022-02-11T06:41:11.354Z", "user": 3, "content_type": 11, "object_id": "65", "object_repr": "S", "action_flag": 1, "change_message": "[{\"added\": {}}]"}}, {"model": "admin.logentry", "pk": 138, "fields": {"action_time": "2022-02-11T06:41:17.743Z", "user": 3, "content_type": 11, "object_id": "66", "object_repr": "M", "action_flag": 1, "change_message": "[{\"added\": {}}]"}}, {"model": "admin.logentry", "pk": 139, "fields": {"action_time": "2022-02-11T06:43:24.620Z", "user": 3, "content_type": 11, "object_id": "23", "object_repr": "L", "action_flag": 3, "change_message": ""}}, {"model": "auth.permission", "pk": 1, "fields": {"name": "Can add log entry", "content_type": 1, "codename": "add_logentry"}}, {"model": "auth.permission", "pk": 2, "fields": {"name": "Can change log entry", "content_type": 1, "codename": "change_logentry"}}, {"model": "auth.permission", "pk": 3, "fields": {"name": "Can delete log entry", "content_type": 1, "codename": "delete_logentry"}}, {"model": "auth.permission", "pk": 4, "fields": {"name": "Can view log entry", "content_type": 1, "codename": "view_logentry"}}, {"model": "auth.permission", "pk": 5, "fields": {"name": "Can add permission", "content_type": 2, "codename": "add_permission"}}, {"model": "auth.permission", "pk": 6, "fields": {"name": "Can change permission", "content_type": 2, "codename": "change_permission"}}, {"model": "auth.permission", "pk": 7, "fields": {"name": "Can delete permission", "content_type": 2, "codename": "delete_permission"}}, {"model": "auth.permission", "pk": 8, "fields": {"name": "Can view permission", "content_type": 2, "codename": "view_permission"}}, {"model": "auth.permission", "pk": 9, "fields": {"name": "Can add group", "content_type": 3, "codename": "add_group"}}, {"model": "auth.permission", "pk": 10, "fields": {"name": "Can change group", "content_type": 3, "codename": "change_group"}}, {"model": "auth.permission", "pk": 11, "fields": {"name": "Can delete group", "content_type": 3, "codename": "delete_group"}}, {"model": "auth.permission", "pk": 12, "fields": {"name": "Can view group", "content_type": 3, "codename": "view_group"}}, {"model": "auth.permission", "pk": 13, "fields": {"name": "Can add content type", "content_type": 4, "codename": "add_contenttype"}}, {"model": "auth.permission", "pk": 14, "fields": {"name": "Can change content type", "content_type": 4, "codename": "change_contenttype"}}, {"model": "auth.permission", "pk": 15, "fields": {"name": "Can delete content type", "content_type": 4, "codename": "delete_contenttype"}}, {"model": "auth.permission", "pk": 16, "fields": {"name": "Can view content type", "content_type": 4, "codename": "view_contenttype"}}, {"model": "auth.permission", "pk": 17, "fields": {"name": "Can add session", "content_type": 5, "codename": "add_session"}}, {"model": "auth.permission", "pk": 18, "fields": {"name": "Can change session", "content_type": 5, "codename": "change_session"}}, {"model": "auth.permission", "pk": 19, "fields": {"name": "Can delete session", "content_type": 5, "codename": "delete_session"}}, {"model": "auth.permission", "pk": 20, "fields": {"name": "Can view session", "content_type": 5, "codename": "view_session"}}, {"model": "auth.permission", "pk": 21, "fields": {"name": "Can add category", "content_type": 6, "codename": "add_category"}}, {"model": "auth.permission", "pk": 22, "fields": {"name": "Can change category", "content_type": 6, "codename": "change_category"}}, {"model": "auth.permission", "pk": 23, "fields": {"name": "Can delete category", "content_type": 6, "codename": "delete_category"}}, {"model": "auth.permission", "pk": 24, "fields": {"name": "Can view category", "content_type": 6, "codename": "view_category"}}, {"model": "auth.permission", "pk": 25, "fields": {"name": "Can add account", "content_type": 7, "codename": "add_account"}}, {"model": "auth.permission", "pk": 26, "fields": {"name": "Can change account", "content_type": 7, "codename": "change_account"}}, {"model": "auth.permission", "pk": 27, "fields": {"name": "Can delete account", "content_type": 7, "codename": "delete_account"}}, {"model": "auth.permission", "pk": 28, "fields": {"name": "Can view account", "content_type": 7, "codename": "view_account"}}, {"model": "auth.permission", "pk": 29, "fields": {"name": "Can add product", "content_type": 8, "codename": "add_product"}}, {"model": "auth.permission", "pk": 30, "fields": {"name": "Can change product", "content_type": 8, "codename": "change_product"}}, {"model": "auth.permission", "pk": 31, "fields": {"name": "Can delete product", "content_type": 8, "codename": "delete_product"}}, {"model": "auth.permission", "pk": 32, "fields": {"name": "Can view product", "content_type": 8, "codename": "view_product"}}, {"model": "auth.permission", "pk": 33, "fields": {"name": "Can add cart item", "content_type": 9, "codename": "add_cartitem"}}, {"model": "auth.permission", "pk": 34, "fields": {"name": "Can change cart item", "content_type": 9, "codename": "change_cartitem"}}, {"model": "auth.permission", "pk": 35, "fields": {"name": "Can delete cart item", "content_type": 9, "codename": "delete_cartitem"}}, {"model": "auth.permission", "pk": 36, "fields": {"name": "Can view cart item", "content_type": 9, "codename": "view_cartitem"}}, {"model": "auth.permission", "pk": 37, "fields": {"name": "Can add cart", "content_type": 10, "codename": "add_cart"}}, {"model": "auth.permission", "pk": 38, "fields": {"name": "Can change cart", "content_type": 10, "codename": "change_cart"}}, {"model": "auth.permission", "pk": 39, "fields": {"name": "Can delete cart", "content_type": 10, "codename": "delete_cart"}}, {"model": "auth.permission", "pk": 40, "fields": {"name": "Can view cart", "content_type": 10, "codename": "view_cart"}}, {"model": "auth.permission", "pk": 41, "fields": {"name": "Can add variation", "content_type": 11, "codename": "add_variation"}}, {"model": "auth.permission", "pk": 42, "fields": {"name": "Can change variation", "content_type": 11, "codename": "change_variation"}}, {"model": "auth.permission", "pk": 43, "fields": {"name": "Can delete variation", "content_type": 11, "codename": "delete_variation"}}, {"model": "auth.permission", "pk": 44, "fields": {"name": "Can view variation", "content_type": 11, "codename": "view_variation"}}, {"model": "auth.permission", "pk": 45, "fields": {"name": "Can add order", "content_type": 12, "codename": "add_order"}}, {"model": "auth.permission", "pk": 46, "fields": {"name": "Can change order", "content_type": 12, "codename": "change_order"}}, {"model": "auth.permission", "pk": 47, "fields": {"name": "Can delete order", "content_type": 12, "codename": "delete_order"}}, {"model": "auth.permission", "pk": 48, "fields": {"name": "Can view order", "content_type": 12, "codename": "view_order"}}, {"model": "auth.permission", "pk": 49, "fields": {"name": "Can add payment", "content_type": 13, "codename": "add_payment"}}, {"model": "auth.permission", "pk": 50, "fields": {"name": "Can change payment", "content_type": 13, "codename": "change_payment"}}, {"model": "auth.permission", "pk": 51, "fields": {"name": "Can delete payment", "content_type": 13, "codename": "delete_payment"}}, {"model": "auth.permission", "pk": 52, "fields": {"name": "Can view payment", "content_type": 13, "codename": "view_payment"}}, {"model": "auth.permission", "pk": 53, "fields": {"name": "Can add order product", "content_type": 14, "codename": "add_orderproduct"}}, {"model": "auth.permission", "pk": 54, "fields": {"name": "Can change order product", "content_type": 14, "codename": "change_orderproduct"}}, {"model": "auth.permission", "pk": 55, "fields": {"name": "Can delete order product", "content_type": 14, "codename": "delete_orderproduct"}}, {"model": "auth.permission", "pk": 56, "fields": {"name": "Can view order product", "content_type": 14, "codename": "view_orderproduct"}}, {"model": "auth.permission", "pk": 57, "fields": {"name": "Can add productgallery", "content_type": 15, "codename": "add_productgallery"}}, {"model": "auth.permission", "pk": 58, "fields": {"name": "Can change productgallery", "content_type": 15, "codename": "change_productgallery"}}, {"model": "auth.permission", "pk": 59, "fields": {"name": "Can delete productgallery", "content_type": 15, "codename": "delete_productgallery"}}, {"model": "auth.permission", "pk": 60, "fields": {"name": "Can view productgallery", "content_type": 15, "codename": "view_productgallery"}}, {"model": "auth.permission", "pk": 61, "fields": {"name": "Can add review rating", "content_type": 16, "codename": "add_reviewrating"}}, {"model": "auth.permission", "pk": 62, "fields": {"name": "Can change review rating", "content_type": 16, "codename": "change_reviewrating"}}, {"model": "auth.permission", "pk": 63, "fields": {"name": "Can delete review rating", "content_type": 16, "codename": "delete_reviewrating"}}, {"model": "auth.permission", "pk": 64, "fields": {"name": "Can view review rating", "content_type": 16, "codename": "view_reviewrating"}}, {"model": "auth.permission", "pk": 65, "fields": {"name": "Can add user profile", "content_type": 17, "codename": "add_userprofile"}}, {"model": "auth.permission", "pk": 66, "fields": {"name": "Can change user profile", "content_type": 17, "codename": "change_userprofile"}}, {"model": "auth.permission", "pk": 67, "fields": {"name": "Can delete user profile", "content_type": 17, "codename": "delete_userprofile"}}, {"model": "auth.permission", "pk": 68, "fields": {"name": "Can view user profile", "content_type": 17, "codename": "view_userprofile"}}, {"model": "auth.permission", "pk": 69, "fields": {"name": "Can add login attempt", "content_type": 18, "codename": "add_loginattempt"}}, {"model": "auth.permission", "pk": 70, "fields": {"name": "Can change login attempt", "content_type": 18, "codename": "change_loginattempt"}}, {"model": "auth.permission", "pk": 71, "fields": {"name": "Can delete login attempt", "content_type": 18, "codename": "delete_loginattempt"}}, {"model": "auth.permission", "pk": 72, "fields": {"name": "Can view login attempt", "content_type": 18, "codename": "view_loginattempt"}}, {"model": "contenttypes.contenttype", "pk": 1, "fields": {"app_label": "admin", "model": "logentry"}}, {"model": "contenttypes.contenttype", "pk": 2, "fields": {"app_label": "auth", "model": "permission"}}, {"model": "contenttypes.contenttype", "pk": 3, "fields": {"app_label": "auth", "model": "group"}}, {"model": "contenttypes.contenttype", "pk": 4, "fields": {"app_label": "contenttypes", "model": "contenttype"}}, {"model": "contenttypes.contenttype", "pk": 5, "fields": {"app_label": "sessions", "model": "session"}}, {"model": "contenttypes.contenttype", "pk": 6, "fields": {"app_label": "category", "model": "category"}}, {"model": "contenttypes.contenttype", "pk": 7, "fields": {"app_label": "accounts", "model": "account"}}, {"model": "contenttypes.contenttype", "pk": 8, "fields": {"app_label": "store", "model": "product"}}, {"model": "contenttypes.contenttype", "pk": 9, "fields": {"app_label": "carts", "model": "cartitem"}}, {"model": "contenttypes.contenttype", "pk": 10, "fields": {"app_label": "carts", "model": "cart"}}, {"model": "contenttypes.contenttype", "pk": 11, "fields": {"app_label": "store", "model": "variation"}}, {"model": "contenttypes.contenttype", "pk": 12, "fields": {"app_label": "orders", "model": "order"}}, {"model": "contenttypes.contenttype", "pk": 13, "fields": {"app_label": "orders", "model": "payment"}}, {"model": "contenttypes.contenttype", "pk": 14, "fields": {"app_label": "orders", "model": "orderproduct"}}, {"model": "contenttypes.contenttype", "pk": 15, "fields": {"app_label": "store", "model": "productgallery"}}, {"model": "contenttypes.contenttype", "pk": 16, "fields": {"app_label": "store", "model": "reviewrating"}}, {"model": "contenttypes.contenttype", "pk": 17, "fields": {"app_label": "accounts", "model": "userprofile"}}, {"model": "contenttypes.contenttype", "pk": 18, "fields": {"app_label": "admin_honeypot", "model": "loginattempt"}}, {"model": "sessions.session", "pk": "fxy3ujj39ad01sbos38u0tmx9ech1902", "fields": {"session_data": ".eJxVjDkOwjAUBe_iGlne85OSnjNY3xsxEBvFToW4O0RKk_bNzPsQ22JruRabS-625yW2jsvbkokbpbThIAwFARL0hVjc-my3FlebA5mIJKfNoX_GsoPwwHKv1NfS1-zortCDNnqrIb6uh3s6mLHN_3rgmCRI4RWC5woVF84b7ZlzyFJgKFj0LCkDoNMQZTLjGIx0SjGDzDHy_QHflkYQ:1nIPek:-ekt-SoAL7zCXbFHbfd6Yyhy9b0AFPicQaMYcQz4IFU", "expire_date": "2022-02-25T06:43:46.857Z"}}, {"model": "sessions.session", "pk": "l2bxarfma89u2b6tg3dfqszac9lhahaz", "fields": {"session_data": ".eJxVjMsOwiAQRf-FtSFQ3i7d-w1kYAapGkhKuzL-uzbpQrf3nHNfLMK21rgNWuKM7MwkO_1uCfKD2g7wDu3Wee5tXebEd4UfdPBrR3peDvfvoMKo39q6SYgSLKVUgvLgpFATUYAcDKImaUEb6XzKVoXkiMBk44pHryR6Hdj7A-JjN-8:1nFTcr:9_PJ0HzwIq-qix-bcYWsFWn8fxct38YNR2ODU3nNfF0", "expire_date": "2022-02-17T04:21:41.114Z"}}, {"model": "sessions.session", "pk": "po8j2dry0ppdnzch7g6m8p2xr9clklo5", "fields": {"session_data": ".eJxVjDsOwyAQBe9CHSGWj21cps8Z0GKWmCSGyOAqyt0TS27cvpl5H-Yq1ZpKdimn5lpaqDZc3o6N0GllNRgh-SAGA_LCHG5tdlul1aXARibZafM4PSnvIDww3wufSm5r8nxX-EErv5VAr-vhng5mrPO_VkFK0YOVEtCgIK1V76WmSIIGUjFAhxh7UDFaUARBGB0sTl0wfuq8Zd8fvm5GOw:1nFoHW:nub3CL02irKgtdun9UWuIO3tXIpKSBMLhqB-H9NVrrA", "expire_date": "2022-02-18T02:25:02.833Z"}}, {"model": "category.category", "pk": 1, "fields": {"category_name": "Shirts", "slug": "shirts", "description": "This is a shirt", "cat_image": "photos/categories/shirts.jpg"}}, {"model": "category.category", "pk": 2, "fields": {"category_name": "T Shirts", "slug": "t-shirts", "description": "This is t shirts", "cat_image": "photos/categories/tshirts.jpg"}}, {"model": "category.category", "pk": 3, "fields": {"category_name": "Jackets", "slug": "jackets", "description": "This is jackets", "cat_image": "photos/categories/jackets.jpg"}}, {"model": "category.category", "pk": 4, "fields": {"category_name": "Shoes", "slug": "shoes", "description": "This is shoes", "cat_image": "photos/categories/shoes.png"}}, {"model": "category.category", "pk": 5, "fields": {"category_name": "Jeans", "slug": "jeans", "description": "this is jeans", "cat_image": "photos/categories/jeans.jpg"}}, {"model": "category.category", "pk": 6, "fields": {"category_name": "Dresses", "slug": "dresses", "description": "", "cat_image": ""}}, {"model": "category.category", "pk": 7, "fields": {"category_name": "Sweaters", "slug": "sweaters", "description": "", "cat_image": ""}}, {"model": "category.category", "pk": 8, "fields": {"category_name": "Handbags", "slug": "handbags", "description": "", "cat_image": ""}}, {"model": "category.category", "pk": 9, "fields": {"category_name": "Skirts", "slug": "skirts", "description": "", "cat_image": ""}}, {"model": "category.category", "pk": 10, "fields": {"category_name": "Pants", "slug": "pants", "description": "", "cat_image": ""}}, {"model": "category.category", "pk": 11, "fields": {"category_name": "Accesories", "slug": "accesories", "description": "", "cat_image": ""}}, {"model": "accounts.account", "pk": 1, "fields": {"password": "pbkdf2_sha256$216000$p5yMeM41yVt8$DgHHFEXgSqrwxNGlV2QvFNIvYfOtDhPybHkAUuyuHMU=", "first_name": "kexin", "last_name": "qiu", "username": "kexin", "email": "kexinqiu@admin.com", "phone_number": "", "date_joined": "2022-02-03T04:21:25.311Z", "last_login": "2022-02-03T22:24:24.956Z", "is_admin": true, "is_staff": true, "is_active": true, "is_superadmin": true}}, {"model": "accounts.account", "pk": 2, "fields": {"password": "pbkdf2_sha256$216000$ePTpA2LuEF6B$Hx33nWzQoF6cdg2ivyOC+2mES/ROHliHfCuk64Pt3pY=", "first_name": "Kexin", "last_name": "Qiu", "username": "kristenqiu0104", "email": "kristenqiu0104@gmail.com", "phone_number": "7816659403", "date_joined": "2022-02-04T02:18:52.182Z", "last_login": "2022-02-04T02:19:13.306Z", "is_admin": false, "is_staff": false, "is_active": true, "is_superadmin": false}}, {"model": "accounts.account", "pk": 3, "fields": {"password": "pbkdf2_sha256$216000$X3jKArjEpaXi$5SQO6SM4W24QVgJqJyqaaCs2rh3DCNraN/1l9V4TgIM=", "first_name": "kexin2", "last_name": "qiu", "username": "kexin2", "email": "kexin@admin.com", "phone_number": "", "date_joined": "2022-02-04T16:29:31.434Z", "last_login": "2022-02-11T03:01:59.210Z", "is_admin": true, "is_staff": true, "is_active": true, "is_superadmin": true}}, {"model": "accounts.account", "pk": 4, "fields": {"password": "pbkdf2_sha256$216000$Dlceb0n2B1Iw$5951Td/yie1fD4fdaMFR9Uq+DGWrseyC5iNuTmHp/B4=", "first_name": "kexin", "last_name": "qiu", "username": "qkx0101", "email": "qkx0101@admin.com", "phone_number": "", "date_joined": "2022-02-11T18:06:56.630Z", "last_login": "2022-02-11T18:06:56.630Z", "is_admin": true, "is_staff": true, "is_active": true, "is_superadmin": true}}, {"model": "accounts.userprofile", "pk": 1, "fields": {"user": 2, "address_line_1": "48 Station Landing", "address_line_2": "222", "profile_picture": "userprofile/myPhoto.png", "city": "Medford", "state": "MA", "country": "United States"}}, {"model": "store.product", "pk": 1, "fields": {"product_name": "Regular Fit Jeans", "slug": "regular-fit-jeans", "description": "Button-closure and zip fly. Soft, durable cotton denim. Built-In Tough jeans have 2x the strength and tear resistance of regular denim. Basically indestructible. Work hard, play hard.", "price": 30, "image": "photos/products/Mavi_jeans_JVNhdZO.jpg", "stock": 96, "is_available": true, "category": 5, "created_date": "2022-02-03T05:58:59.575Z", "modified_date": "2022-02-03T05:58:59.575Z"}}, {"model": "store.product", "pk": 2, "fields": {"product_name": "Maverick Merino Wool Shirt", "slug": "maverick-merino-wool-shirt", "description": "Long sleeve and 100% wool.", "price": 21, "image": "photos/products/shirt1.png", "stock": 14, "is_available": true, "category": 1, "created_date": "2022-02-03T05:59:59.215Z", "modified_date": "2022-02-03T05:59:59.215Z"}}, {"model": "store.product", "pk": 3, "fields": {"product_name": "Polo Assn Jacket", "slug": "polo-assn-jacket", "description": "Warm sherpa insulation for cold-weather. Soft quilted lining in sleeves.", "price": 49, "image": "photos/products/US-Polo-Assn_Jacket.jpg", "stock": 1, "is_available": true, "category": 3, "created_date": "2022-02-03T06:00:24.467Z", "modified_date": "2022-02-03T06:00:24.467Z"}}, {"model": "store.product", "pk": 4, "fields": {"product_name": "Jordan Basketball Shoes", "slug": "jordan-basketball-shoes", "description": "The Air Jordan 6 UNC is a collegiate-inspired colorway of Michael Jordans sixth signature shoe that nods to Jordans alma mater, the North Carolina Tar Heels. Released in March 2022, the Jordan 6 UNC is yet another colorway from Jordans signature shoe collection that employs the team uniform colors of the Tar Heels on its design, and it doesnt disappoint.", "price": 300, "image": "photos/products/jordan-true-flight-basketball-shoes.jpg", "stock": 1, "is_available": true, "category": 4, "created_date": "2022-02-03T06:00:55.176Z", "modified_date": "2022-02-03T06:00:55.176Z"}}, {"model": "store.product", "pk": 6, "fields": {"product_name": "Puma Ferrari Shoes", "slug": "puma-ferrari-shoes", "description": "", "price": 150, "image": "photos/products/Puma-Ferrari-Shoes.jpg", "stock": 1, "is_available": true, "category": 4, "created_date": "2022-02-03T06:02:03.234Z", "modified_date": "2022-02-03T06:02:03.234Z"}}, {"model": "store.product", "pk": 7, "fields": {"product_name": "Northeastern Champion Cotton T-Shirt", "slug": "northeastern-champion-cotton-t-shirt", "description": "Screen printed jersey relaxed fit tee with set in neck rib. 100% cotton. Imported.", "price": 5, "image": "photos/products/NU_tshirt.png", "stock": 13, "is_available": true, "category": 2, "created_date": "2022-02-03T06:02:55.782Z", "modified_date": "2022-02-03T06:02:55.782Z"}}, {"model": "store.product", "pk": 8, "fields": {"product_name": "Slim Fit Blue Shirt", "slug": "slim-fit-blue-shirt", "description": "You don't need to iron it even though it is made completely of cotton. A clean, trim-fitting shirt for ultimate care.", "price": 29, "image": "photos/products/Blue-Shirt.jpg", "stock": 2, "is_available": true, "category": 1, "created_date": "2022-02-03T06:03:34.128Z", "modified_date": "2022-02-03T06:03:34.128Z"}}, {"model": "store.product", "pk": 9, "fields": {"product_name": "Levi's 502 Jeans", "slug": "levis-502-jeans", "description": "These boys' Levi's regular taper fit jeans provide a great look with a relaxed comfort feeling.", "price": 24, "image": "photos/products/Levis_502_Jeans_washed_up.png", "stock": 5, "is_available": true, "category": 5, "created_date": "2022-02-11T03:31:27.256Z", "modified_date": "2022-02-11T03:31:27.256Z"}}, {"model": "store.product", "pk": 10, "fields": {"product_name": "The Rigid Slouch Jean", "slug": "rigid-slouch-jean", "description": "Sometimes its okay to slouch. Made of non-stretch, organic cotton denim for a vintage-inspired look, the Rigid Slouch Jean features a straight, slouchy fit that sits at the perfect spot: on your hips and just below your belly button. Plus, it has a longer, 27.5\" inseam and a relaxed, straight leg, which gives it a comfortable, laid-back feel. Consider it the next evolution of boyfriend jeans.", "price": 43, "image": "photos/products/4_LcLvPJF.png", "stock": 2, "is_available": true, "category": 5, "created_date": "2022-02-11T03:58:58.645Z", "modified_date": "2022-02-11T03:58:58.645Z"}}, {"model": "store.product", "pk": 11, "fields": {"product_name": "Northeastern Champion Eco Powerblend Hood", "slug": "northeastern-champion-eco-powerblend-hood", "description": "Double layer hood with drawcord Front pouch pocket.", "price": 18, "image": "photos/products/sweater.png", "stock": 3, "is_available": true, "category": 7, "created_date": "2022-02-11T04:36:08.703Z", "modified_date": "2022-02-11T04:36:08.703Z"}}, {"model": "store.product", "pk": 12, "fields": {"product_name": "MakeMeChic Collar Button Down Shirt", "slug": "makemechic-collar-button-down-shirt", "description": "Casual style, loose fit, a bit see through, need to wear a cami or black bra. Perfect for summer, casual going out, vocation, travel, shopping, daily wear.", "price": 9, "image": "photos/products/shirt2.png", "stock": 2, "is_available": true, "category": 1, "created_date": "2022-02-11T04:58:04.132Z", "modified_date": "2022-02-11T04:58:04.132Z"}}, {"model": "store.product", "pk": 13, "fields": {"product_name": "Woman White Shirt", "slug": "woman-white-shirt", "description": "65% polyester/35% cotton poplin.", "price": 6, "image": "photos/products/shirt5.png", "stock": 1, "is_available": true, "category": 1, "created_date": "2022-02-11T05:01:35.553Z", "modified_date": "2022-02-11T05:01:35.553Z"}}, {"model": "store.product", "pk": 14, "fields": {"product_name": "Women's Wicked Good Moccasins", "slug": "womens-wicked-good-moccasins", "description": "Women's Wicked Good Moccasins", "price": 24, "image": "photos/products/1.png", "stock": 20, "is_available": true, "category": 4, "created_date": "2022-02-11T05:05:58.307Z", "modified_date": "2022-02-11T05:05:58.307Z"}}, {"model": "store.product", "pk": 15, "fields": {"product_name": "Women's Stonington Chelseas", "slug": "womens-stonington-chelseas", "description": "Classic casual style meets today's most comfortable features in the Stonington Chelsea. These go-anywhere boots feature a lightweight leather upper that wraps your foot in softness. The midsole cushioning and foam insole are the same comfort features used in top athletic shoes. The blend of reliable durability, exceptional comfort and stylish good looks will make these shoes stand out in your closet.", "price": 32, "image": "photos/products/6.png", "stock": 2, "is_available": true, "category": 4, "created_date": "2022-02-11T05:14:42.245Z", "modified_date": "2022-02-11T05:14:42.245Z"}}, {"model": "store.product", "pk": 16, "fields": {"product_name": "SOJOS Retro Round Sunglasses", "slug": "sojos-retro-round-sunglasses", "description": "The SOJOS round sunglasses have an iconic look, shape, feel, and style. These trendy round sunglasses will bring you a timeless look and will be great choices for your daily fashion accessories.", "price": 4, "image": "photos/products/1_IgkdbjE.png", "stock": 1, "is_available": true, "category": 11, "created_date": "2022-02-11T05:22:34.068Z", "modified_date": "2022-02-11T05:22:34.068Z"}}, {"model": "store.product", "pk": 17, "fields": {"product_name": "Lisianthus Belt Buckle Fedora Hat", "slug": "lisianthus-belt-buckle-fedora-hat", "description": "Classic design with belt will make you so fashion, elegant and charming.", "price": 3, "image": "photos/products/3.png", "stock": 2, "is_available": true, "category": 11, "created_date": "2022-02-11T05:25:47.138Z", "modified_date": "2022-02-11T05:25:47.138Z"}}, {"model": "store.product", "pk": 18, "fields": {"product_name": "Michael Kors Jet Set Crossbody Bag", "slug": "michael-kors-jet-set-crossbody-bag", "description": "Made of PVC; Zip top closure; 1 open large compartment; 2 Slide pockets; Adjustable Chain and Leather shoulder strap of 25.5 Inches drop; Gold or Silver hardware; Measurements: Length: 9.5 x Height: 6.25 x Width: 2 Inches; Comes with original tags.", "price": 45, "image": "photos/products/5.png", "stock": 1, "is_available": true, "category": 8, "created_date": "2022-02-11T05:40:55.771Z", "modified_date": "2022-02-11T05:40:55.771Z"}}, {"model": "store.product", "pk": 19, "fields": {"product_name": "Fossil Kinley Small Crossbody Purse Handbag", "slug": "fossil-kinley-small-crossbody-purse-handbag", "description": "Fossil is inspired by American creativity and ingenuity. Bringing new life into the watch and leathers industry by making quality, fashionable accessories that are both fun and accessible", "price": 50, "image": "photos/products/1_FUEJ70L.png", "stock": 5, "is_available": true, "category": 8, "created_date": "2022-02-11T05:42:25.741Z", "modified_date": "2022-02-11T05:42:25.741Z"}}, {"model": "store.product", "pk": 20, "fields": {"product_name": "Stretch Canvas Cargo Pants", "slug": "stretch-canvas-cargo-pants", "description": "Inspired by the hardworking style of classic cargo pants, made from ultradurable stretch cotton that's washed to feel like an old favorite. Designed to move easily throughout the day, in a flattering straight leg that looks great rolled up or down.", "price": 23, "image": "photos/products/1_547SRJ2.png", "stock": 3, "is_available": true, "category": 10, "created_date": "2022-02-11T05:59:17.831Z", "modified_date": "2022-02-11T05:59:17.831Z"}}, {"model": "store.product", "pk": 21, "fields": {"product_name": "Strawberry Midi Dress", "slug": "strawberry-midi-dress", "description": "The perfect head turner dress featured by a midi dress silhouette covered in glittery strawberries. The tie up detail and the puffy sleeves make the dress even more fabulous. The dresses length from waist down is 33 inches. Made of 100% polyamide tulle, pvc glitter, environmental protection glue.", "price": 110, "image": "photos/products/1_yZx3R8H.png", "stock": 1, "is_available": true, "category": 6, "created_date": "2022-02-11T06:02:27.725Z", "modified_date": "2022-02-11T06:02:27.725Z"}}, {"model": "store.product", "pk": 22, "fields": {"product_name": "SCARLETT EMBROIDERED TULLE DRESS", "slug": "scarlett-embroidered-tulle-dress", "description": "For cocktail parties and dinner dates alike, the Scarlett Embroidered Tulle Dress will quickly become your go-to option. Rendered in a soft point desprit French tulle, this feminine silhouette is embroidered with delicate florals from neckline to hemline.", "price": 399, "image": "photos/products/2.png", "stock": 1, "is_available": true, "category": 6, "created_date": "2022-02-11T06:10:27.800Z", "modified_date": "2022-02-11T06:10:27.801Z"}}, {"model": "store.product", "pk": 23, "fields": {"product_name": "Pleated Skirt", "slug": "pleated-skirt", "description": "Pleated skirt made from recycled quality.", "price": 19, "image": "photos/products/3_kzbhsk0.png", "stock": 1, "is_available": true, "category": 9, "created_date": "2022-02-11T06:13:34.917Z", "modified_date": "2022-02-11T06:13:34.917Z"}}, {"model": "store.product", "pk": 24, "fields": {"product_name": "Pleated Mini Plaid Skirt", "slug": "pleated-mini-plaid-skirt", "description": "Material: Polyester (Polyester) 91%-99%.", "price": 5, "image": "photos/products/4.png", "stock": 5, "is_available": true, "category": 9, "created_date": "2022-02-11T06:16:27.655Z", "modified_date": "2022-02-11T06:16:27.656Z"}}, {"model": "store.variation", "pk": 2, "fields": {"product": 1, "variation_category": "color", "variation_value": "Dark Wash", "is_active": true, "created_date": "2022-02-04T02:10:56.245Z"}}, {"model": "store.variation", "pk": 3, "fields": {"product": 1, "variation_category": "color", "variation_value": "Light Wash", "is_active": true, "created_date": "2022-02-04T02:11:04.143Z"}}, {"model": "store.variation", "pk": 5, "fields": {"product": 1, "variation_category": "size", "variation_value": "28W", "is_active": true, "created_date": "2022-02-04T02:11:21.164Z"}}, {"model": "store.variation", "pk": 6, "fields": {"product": 1, "variation_category": "size", "variation_value": "29W", "is_active": true, "created_date": "2022-02-04T02:11:31.026Z"}}, {"model": "store.variation", "pk": 7, "fields": {"product": 1, "variation_category": "size", "variation_value": "30W", "is_active": true, "created_date": "2022-02-04T02:11:36.756Z"}}, {"model": "store.variation", "pk": 8, "fields": {"product": 9, "variation_category": "color", "variation_value": "Black", "is_active": true, "created_date": "2022-02-11T03:32:53.802Z"}}, {"model": "store.variation", "pk": 9, "fields": {"product": 9, "variation_category": "color", "variation_value": "Yosemite Falls", "is_active": true, "created_date": "2022-02-11T03:33:29.707Z"}}, {"model": "store.variation", "pk": 10, "fields": {"product": 9, "variation_category": "size", "variation_value": "30W", "is_active": true, "created_date": "2022-02-11T03:34:16.127Z"}}, {"model": "store.variation", "pk": 11, "fields": {"product": 9, "variation_category": "size", "variation_value": "28W", "is_active": true, "created_date": "2022-02-11T03:34:27.872Z"}}, {"model": "store.variation", "pk": 12, "fields": {"product": 9, "variation_category": "size", "variation_value": "26W", "is_active": true, "created_date": "2022-02-11T03:34:34.658Z"}}, {"model": "store.variation", "pk": 13, "fields": {"product": 9, "variation_category": "size", "variation_value": "33W", "is_active": true, "created_date": "2022-02-11T03:54:04.311Z"}}, {"model": "store.variation", "pk": 14, "fields": {"product": 7, "variation_category": "size", "variation_value": "S", "is_active": true, "created_date": "2022-02-11T04:03:24.073Z"}}, {"model": "store.variation", "pk": 15, "fields": {"product": 7, "variation_category": "size", "variation_value": "M", "is_active": true, "created_date": "2022-02-11T04:03:34.105Z"}}, {"model": "store.variation", "pk": 16, "fields": {"product": 7, "variation_category": "size", "variation_value": "L", "is_active": true, "created_date": "2022-02-11T04:03:45.351Z"}}, {"model": "store.variation", "pk": 17, "fields": {"product": 7, "variation_category": "size", "variation_value": "XL", "is_active": true, "created_date": "2022-02-11T04:04:01.889Z"}}, {"model": "store.variation", "pk": 18, "fields": {"product": 2, "variation_category": "size", "variation_value": "M", "is_active": true, "created_date": "2022-02-11T04:50:20.402Z"}}, {"model": "store.variation", "pk": 19, "fields": {"product": 2, "variation_category": "size", "variation_value": "L", "is_active": true, "created_date": "2022-02-11T04:50:34.010Z"}}, {"model": "store.variation", "pk": 20, "fields": {"product": 2, "variation_category": "size", "variation_value": "XL", "is_active": true, "created_date": "2022-02-11T04:50:40.477Z"}}, {"model": "store.variation", "pk": 21, "fields": {"product": 11, "variation_category": "size", "variation_value": "S", "is_active": true, "created_date": "2022-02-11T04:50:57.836Z"}}, {"model": "store.variation", "pk": 22, "fields": {"product": 11, "variation_category": "size", "variation_value": "M", "is_active": true, "created_date": "2022-02-11T04:51:04.174Z"}}, {"model": "store.variation", "pk": 24, "fields": {"product": 11, "variation_category": "size", "variation_value": "XL", "is_active": true, "created_date": "2022-02-11T04:51:22.343Z"}}, {"model": "store.variation", "pk": 25, "fields": {"product": 12, "variation_category": "size", "variation_value": "S", "is_active": true, "created_date": "2022-02-11T04:58:28.061Z"}}, {"model": "store.variation", "pk": 26, "fields": {"product": 12, "variation_category": "size", "variation_value": "L", "is_active": true, "created_date": "2022-02-11T04:58:34.141Z"}}, {"model": "store.variation", "pk": 27, "fields": {"product": 14, "variation_category": "size", "variation_value": "6", "is_active": true, "created_date": "2022-02-11T05:06:22.086Z"}}, {"model": "store.variation", "pk": 28, "fields": {"product": 14, "variation_category": "size", "variation_value": "7", "is_active": true, "created_date": "2022-02-11T05:06:31.433Z"}}, {"model": "store.variation", "pk": 29, "fields": {"product": 14, "variation_category": "size", "variation_value": "8", "is_active": true, "created_date": "2022-02-11T05:06:36.895Z"}}, {"model": "store.variation", "pk": 30, "fields": {"product": 14, "variation_category": "size", "variation_value": "9", "is_active": true, "created_date": "2022-02-11T05:06:42.888Z"}}, {"model": "store.variation", "pk": 31, "fields": {"product": 14, "variation_category": "color", "variation_value": "Brown", "is_active": true, "created_date": "2022-02-11T05:06:57.346Z"}}, {"model": "store.variation", "pk": 32, "fields": {"product": 14, "variation_category": "color", "variation_value": "Charcoal Blue", "is_active": true, "created_date": "2022-02-11T05:07:20.600Z"}}, {"model": "store.variation", "pk": 33, "fields": {"product": 14, "variation_category": "color", "variation_value": "Bramble Berry", "is_active": true, "created_date": "2022-02-11T05:07:34.648Z"}}, {"model": "store.variation", "pk": 34, "fields": {"product": 15, "variation_category": "color", "variation_value": "Dark Cocoa", "is_active": true, "created_date": "2022-02-11T05:15:06.744Z"}}, {"model": "store.variation", "pk": 35, "fields": {"product": 15, "variation_category": "color", "variation_value": "Black", "is_active": true, "created_date": "2022-02-11T05:15:16.796Z"}}, {"model": "store.variation", "pk": 36, "fields": {"product": 15, "variation_category": "size", "variation_value": "6", "is_active": true, "created_date": "2022-02-11T05:15:28.315Z"}}, {"model": "store.variation", "pk": 37, "fields": {"product": 15, "variation_category": "size", "variation_value": "7", "is_active": true, "created_date": "2022-02-11T05:15:34.208Z"}}, {"model": "store.variation", "pk": 38, "fields": {"product": 15, "variation_category": "size", "variation_value": "8", "is_active": true, "created_date": "2022-02-11T05:15:41.205Z"}}, {"model": "store.variation", "pk": 39, "fields": {"product": 17, "variation_category": "color", "variation_value": "Black", "is_active": true, "created_date": "2022-02-11T05:26:01.626Z"}}, {"model": "store.variation", "pk": 40, "fields": {"product": 17, "variation_category": "color", "variation_value": "Dark Camel", "is_active": true, "created_date": "2022-02-11T05:26:28.147Z"}}, {"model": "store.variation", "pk": 41, "fields": {"product": 17, "variation_category": "color", "variation_value": "Grey", "is_active": true, "created_date": "2022-02-11T05:26:42.006Z"}}, {"model": "store.variation", "pk": 42, "fields": {"product": 17, "variation_category": "size", "variation_value": "S", "is_active": true, "created_date": "2022-02-11T05:26:48.524Z"}}, {"model": "store.variation", "pk": 43, "fields": {"product": 17, "variation_category": "size", "variation_value": "M", "is_active": true, "created_date": "2022-02-11T05:26:54.015Z"}}, {"model": "store.variation", "pk": 44, "fields": {"product": 16, "variation_category": "color", "variation_value": "Pink", "is_active": true, "created_date": "2022-02-11T05:27:06.367Z"}}, {"model": "store.variation", "pk": 45, "fields": {"product": 16, "variation_category": "color", "variation_value": "Black", "is_active": true, "created_date": "2022-02-11T05:27:12.299Z"}}, {"model": "store.variation", "pk": 46, "fields": {"product": 19, "variation_category": "color", "variation_value": "Brown", "is_active": true, "created_date": "2022-02-11T05:42:57.541Z"}}, {"model": "store.variation", "pk": 47, "fields": {"product": 19, "variation_category": "color", "variation_value": "Balsam", "is_active": true, "created_date": "2022-02-11T05:43:17.100Z"}}, {"model": "store.variation", "pk": 48, "fields": {"product": 20, "variation_category": "color", "variation_value": "Dusty Olive", "is_active": true, "created_date": "2022-02-11T05:59:38.021Z"}}, {"model": "store.variation", "pk": 49, "fields": {"product": 20, "variation_category": "color", "variation_value": "Boulder", "is_active": true, "created_date": "2022-02-11T06:00:08.260Z"}}, {"model": "store.variation", "pk": 50, "fields": {"product": 20, "variation_category": "size", "variation_value": "18", "is_active": true, "created_date": "2022-02-11T06:00:33.079Z"}}, {"model": "store.variation", "pk": 51, "fields": {"product": 20, "variation_category": "size", "variation_value": "20", "is_active": true, "created_date": "2022-02-11T06:00:39.318Z"}}, {"model": "store.variation", "pk": 52, "fields": {"product": 21, "variation_category": "size", "variation_value": "XS", "is_active": true, "created_date": "2022-02-11T06:02:40.486Z"}}, {"model": "store.variation", "pk": 53, "fields": {"product": 21, "variation_category": "size", "variation_value": "S", "is_active": true, "created_date": "2022-02-11T06:02:50.357Z"}}, {"model": "store.variation", "pk": 54, "fields": {"product": 21, "variation_category": "size", "variation_value": "M", "is_active": true, "created_date": "2022-02-11T06:02:58.790Z"}}, {"model": "store.variation", "pk": 55, "fields": {"product": 22, "variation_category": "size", "variation_value": "M", "is_active": true, "created_date": "2022-02-11T06:10:41.729Z"}}, {"model": "store.variation", "pk": 56, "fields": {"product": 23, "variation_category": "size", "variation_value": "M", "is_active": true, "created_date": "2022-02-11T06:14:03.329Z"}}, {"model": "store.variation", "pk": 57, "fields": {"product": 23, "variation_category": "size", "variation_value": "L", "is_active": true, "created_date": "2022-02-11T06:14:08.609Z"}}, {"model": "store.variation", "pk": 58, "fields": {"product": 24, "variation_category": "color", "variation_value": "Black", "is_active": true, "created_date": "2022-02-11T06:16:40.824Z"}}, {"model": "store.variation", "pk": 59, "fields": {"product": 24, "variation_category": "color", "variation_value": "Dark Blue", "is_active": true, "created_date": "2022-02-11T06:16:54.448Z"}}, {"model": "store.variation", "pk": 60, "fields": {"product": 24, "variation_category": "size", "variation_value": "S", "is_active": true, "created_date": "2022-02-11T06:17:01.728Z"}}, {"model": "store.variation", "pk": 61, "fields": {"product": 24, "variation_category": "size", "variation_value": "M", "is_active": true, "created_date": "2022-02-11T06:17:07.503Z"}}, {"model": "store.variation", "pk": 62, "fields": {"product": 3, "variation_category": "size", "variation_value": "M", "is_active": true, "created_date": "2022-02-11T06:32:28.796Z"}}, {"model": "store.variation", "pk": 63, "fields": {"product": 3, "variation_category": "size", "variation_value": "L", "is_active": true, "created_date": "2022-02-11T06:32:39.113Z"}}, {"model": "store.variation", "pk": 64, "fields": {"product": 4, "variation_category": "size", "variation_value": "7", "is_active": true, "created_date": "2022-02-11T06:37:12.812Z"}}, {"model": "store.variation", "pk": 65, "fields": {"product": 8, "variation_category": "size", "variation_value": "S", "is_active": true, "created_date": "2022-02-11T06:41:11.352Z"}}, {"model": "store.variation", "pk": 66, "fields": {"product": 8, "variation_category": "size", "variation_value": "M", "is_active": true, "created_date": "2022-02-11T06:41:17.742Z"}}, {"model": "store.reviewrating", "pk": 1, "fields": {"product": 1, "user": 2, "subject": "test", "review": "test1", "rating": 4.0, "ip": "127.0.0.1", "status": true, "created_at": "2022-02-04T02:24:47.782Z", "updated_at": "2022-02-04T02:24:47.782Z"}}, {"model": "store.productgallery", "pk": 1, "fields": {"product": 1, "image": "store/products/image2.jpg"}}, {"model": "store.productgallery", "pk": 3, "fields": {"product": 1, "image": "store/products/image13.jpg"}}, {"model": "store.productgallery", "pk": 4, "fields": {"product": 9, "image": "store/products/Levis_502_Jeans2.png"}}, {"model": "store.productgallery", "pk": 5, "fields": {"product": 9, "image": "store/products/Levis_5023.png"}}, {"model": "store.productgallery", "pk": 7, "fields": {"product": 10, "image": "store/products/The_Rigid_Slouch_Jean3.png"}}, {"model": "store.productgallery", "pk": 9, "fields": {"product": 12, "image": "store/products/shirt3.png"}}, {"model": "store.productgallery", "pk": 10, "fields": {"product": 12, "image": "store/products/shirt4.png"}}, {"model": "store.productgallery", "pk": 11, "fields": {"product": 14, "image": "store/products/2.png"}}, {"model": "store.productgallery", "pk": 12, "fields": {"product": 14, "image": "store/products/3.png"}}, {"model": "store.productgallery", "pk": 13, "fields": {"product": 14, "image": "store/products/4.png"}}, {"model": "store.productgallery", "pk": 14, "fields": {"product": 14, "image": "store/products/5.png"}}, {"model": "store.productgallery", "pk": 15, "fields": {"product": 15, "image": "store/products/7.png"}}, {"model": "store.productgallery", "pk": 16, "fields": {"product": 15, "image": "store/products/8.png"}}, {"model": "store.productgallery", "pk": 17, "fields": {"product": 16, "image": "store/products/2_ae0paUA.png"}}, {"model": "store.productgallery", "pk": 18, "fields": {"product": 17, "image": "store/products/4_Pq031tI.png"}}, {"model": "store.productgallery", "pk": 19, "fields": {"product": 17, "image": "store/products/5_hZl8l7r.png"}}, {"model": "store.productgallery", "pk": 20, "fields": {"product": 19, "image": "store/products/2_P1ZPnXP.png"}}, {"model": "store.productgallery", "pk": 21, "fields": {"product": 19, "image": "store/products/3_C83n5Yr.png"}}, {"model": "store.productgallery", "pk": 22, "fields": {"product": 19, "image": "store/products/4_TJ1Iw5M.png"}}, {"model": "store.productgallery", "pk": 23, "fields": {"product": 20, "image": "store/products/2_u6lLsuN.png"}}, {"model": "store.productgallery", "pk": 24, "fields": {"product": 24, "image": "store/products/5_vyLJzzD.png"}}, {"model": "orders.payment", "pk": 1, "fields": {"user": 2, "payment_id": "0WS9933449999821G", "payment_method": "PayPal", "amount_paid": "811.92", "status": "COMPLETED", "created_at": "2022-02-04T02:24:07.021Z"}}, {"model": "orders.order", "pk": 1, "fields": {"user": 2, "payment": 1, "order_number": "202202041", "first_name": "kristen", "last_name": "qiu", "phone": "271849532", "email": "kristenqiu0104@gmail.com", "address_line_1": "43 station landing", "address_line_2": "213", "country": "US", "state": "MA", "city": "Medford", "order_note": "test", "order_total": 811.92, "tax": 15.92, "status": "New", "ip": "127.0.0.1", "is_ordered": true, "created_at": "2022-02-04T02:23:49.720Z", "updated_at": "2022-02-04T02:24:07.024Z"}}, {"model": "orders.orderproduct", "pk": 1, "fields": {"order": 1, "payment": 1, "user": 2, "product": 1, "quantity": 2, "product_price": 199.0, "ordered": true, "created_at": "2022-02-04T02:24:07.031Z", "updated_at": "2022-02-04T02:24:07.038Z", "variations": [2, 6]}}, {"model": "orders.orderproduct", "pk": 2, "fields": {"order": 1, "payment": 1, "user": 2, "product": 1, "quantity": 2, "product_price": 199.0, "ordered": true, "created_at": "2022-02-04T02:24:07.041Z", "updated_at": "2022-02-04T02:24:07.045Z", "variations": [5]}}, {"model": "admin_honeypot.loginattempt", "pk": 1, "fields": {"username": "kexinqiu@admin.com", "ip_address": "127.0.0.1", "session_key": "80jw9l2f3dsofdzqhz8ni4n3j8q7y6s9", "user_agent": "Mozilla/5.0 (Macintosh; Intel Mac OS X 10_15_7) AppleWebKit/537.36 (KHTML, like Gecko) Chrome/97.0.4692.99 Safari/537.36", "timestamp": "2022-02-03T22:24:08.437Z", "path": "/admin/login/?next=/admin/"}}]